<?xml version="1.0" encoding="UTF-8" standalone="yes"?>
<app version="1">
	<name>cdbackup</name>
	<version>1.2.1</version>
	<release_date>20231105004800</release_date>
	<coder>thepikachugamer</coder>
	<short_description>Backup/restore/delete Wii message board data.</short_description>
	<long_description>Backup/restore your Wii message board data to cdbackup.vff on your SD card or USB drive, or delete it entirely.

Source code: https://github.com/Naim2000/cdbackup
</long_description>
<ahb_access/>
</app>
